name,rating,warranty_offered,products_offered,avg_delivery_time
Provider 1,3,False,"['Component 96', 'Component 54', 'Component 65', 'Component 16', 'Component 45', 'Component 4', 'Component 31', 'Component 55', 'Component 18', 'Component 53', 'Component 97', 'Component 80', 'Component 42', 'Component 72', 'Component 5', 'Component 60', 'Component 79', 'Component 47', 'Component 64', 'Component 74', 'Component 85', 'Component 17', 'Component 43', 'Component 57', 'Component 99', 'Component 81', 'Component 68', 'Component 90', 'Component 38', 'Component 7', 'Component 67', 'Component 9', 'Component 95', 'Component 50', 'Component 63', 'Component 32', 'Component 21', 'Component 19', 'Component 58', 'Component 86', 'Component 91', 'Component 59', 'Component 3', 'Component 84', 'Component 11', 'Component 22', 'Component 78', 'Component 36', 'Component 6', 'Component 56']",7-14 days
Provider 2,2,False,"['Component 4', 'Component 88', 'Component 82', 'Component 56', 'Component 31', 'Component 53', 'Component 10', 'Component 100', 'Component 61', 'Component 52', 'Component 35', 'Component 8', 'Component 2', 'Component 49', 'Component 85', 'Component 67', 'Component 37', 'Component 22', 'Component 73', 'Component 43', 'Component 66', 'Component 32', 'Component 59', 'Component 91', 'Component 28', 'Component 54', 'Component 29', 'Component 94', 'Component 98', 'Component 97', 'Component 19', 'Component 78', 'Component 25', 'Component 71', 'Component 62', 'Component 18', 'Component 72', 'Component 21', 'Component 27', 'Component 20', 'Component 36', 'Component 58', 'Component 33', 'Component 12', 'Component 13', 'Component 68', 'Component 6', 'Component 90', 'Component 92', 'Component 17']",3-7 days
Provider 3,4,True,"['Component 100', 'Component 93', 'Component 4', 'Component 11', 'Component 57', 'Component 38', 'Component 35', 'Component 84', 'Component 13', 'Component 56', 'Component 77', 'Component 47', 'Component 67', 'Component 1', 'Component 26', 'Component 28', 'Component 61', 'Component 80', 'Component 75', 'Component 14', 'Component 73', 'Component 12', 'Component 43', 'Component 89', 'Component 36', 'Component 18', 'Component 29', 'Component 53', 'Component 2', 'Component 96', 'Component 87', 'Component 86', 'Component 50', 'Component 42', 'Component 24', 'Component 74', 'Component 64', 'Component 31', 'Component 71', 'Component 49', 'Component 79', 'Component 41', 'Component 15', 'Component 55', 'Component 22', 'Component 23', 'Component 99', 'Component 97', 'Component 5', 'Component 68']",3-7 days
Provider 4,1,False,"['Component 32', 'Component 18', 'Component 16', 'Component 5', 'Component 96', 'Component 99', 'Component 78', 'Component 51', 'Component 11', 'Component 94', 'Component 98', 'Component 38', 'Component 2', 'Component 77', 'Component 56', 'Component 12', 'Component 55', 'Component 72', 'Component 45', 'Component 41', 'Component 13', 'Component 17', 'Component 100', 'Component 28', 'Component 82', 'Component 80', 'Component 29', 'Component 14', 'Component 44', 'Component 4', 'Component 92', 'Component 3', 'Component 49', 'Component 33', 'Component 8', 'Component 57', 'Component 79', 'Component 40', 'Component 70', 'Component 59', 'Component 26', 'Component 6', 'Component 95', 'Component 36', 'Component 42', 'Component 74', 'Component 71', 'Component 67', 'Component 21', 'Component 90']",1-3 days
Provider 5,5,False,"['Component 59', 'Component 54', 'Component 96', 'Component 97', 'Component 24', 'Component 91', 'Component 1', 'Component 80', 'Component 82', 'Component 55', 'Component 89', 'Component 65', 'Component 39', 'Component 35', 'Component 29', 'Component 13', 'Component 71', 'Component 44', 'Component 19', 'Component 69', 'Component 6', 'Component 5', 'Component 83', 'Component 57', 'Component 87', 'Component 84', 'Component 85', 'Component 49', 'Component 27', 'Component 14', 'Component 76', 'Component 43', 'Component 64', 'Component 31', 'Component 7', 'Component 72', 'Component 100', 'Component 36', 'Component 78', 'Component 70', 'Component 53', 'Component 26', 'Component 67', 'Component 18', 'Component 9', 'Component 16', 'Component 38', 'Component 28', 'Component 51', 'Component 33']",7-14 days
Provider 6,3,False,"['Component 57', 'Component 49', 'Component 2', 'Component 10', 'Component 19', 'Component 63', 'Component 36', 'Component 48', 'Component 39', 'Component 66', 'Component 7', 'Component 82', 'Component 55', 'Component 62', 'Component 15', 'Component 90', 'Component 78', 'Component 38', 'Component 14', 'Component 95', 'Component 40', 'Component 43', 'Component 51', 'Component 89', 'Component 96', 'Component 79', 'Component 23', 'Component 32', 'Component 59', 'Component 53', 'Component 42', 'Component 18', 'Component 87', 'Component 68', 'Component 3', 'Component 11', 'Component 24', 'Component 16', 'Component 74', 'Component 58', 'Component 61', 'Component 77', 'Component 25', 'Component 26', 'Component 97', 'Component 22', 'Component 80', 'Component 46', 'Component 60', 'Component 41']",1-3 days
Provider 7,1,True,"['Component 8', 'Component 6', 'Component 22', 'Component 13', 'Component 24', 'Component 92', 'Component 35', 'Component 52', 'Component 18', 'Component 56', 'Component 5', 'Component 38', 'Component 40', 'Component 67', 'Component 31', 'Component 94', 'Component 19', 'Component 75', 'Component 70', 'Component 61', 'Component 20', 'Component 100', 'Component 23', 'Component 15', 'Component 87', 'Component 68', 'Component 55', 'Component 71', 'Component 41', 'Component 72', 'Component 99', 'Component 65', 'Component 14', 'Component 96', 'Component 21', 'Component 64', 'Component 81', 'Component 85', 'Component 1', 'Component 46', 'Component 88', 'Component 79', 'Component 90', 'Component 10', 'Component 39', 'Component 16', 'Component 44', 'Component 32', 'Component 42', 'Component 57']",3-7 days
Provider 8,4,False,"['Component 79', 'Component 85', 'Component 41', 'Component 61', 'Component 31', 'Component 53', 'Component 48', 'Component 11', 'Component 52', 'Component 35', 'Component 38', 'Component 22', 'Component 16', 'Component 88', 'Component 25', 'Component 63', 'Component 1', 'Component 84', 'Component 89', 'Component 9', 'Component 73', 'Component 77', 'Component 65', 'Component 72', 'Component 98', 'Component 56', 'Component 8', 'Component 24', 'Component 47', 'Component 37', 'Component 34', 'Component 92', 'Component 28', 'Component 13', 'Component 74', 'Component 58', 'Component 82', 'Component 21', 'Component 78', 'Component 49', 'Component 100', 'Component 2', 'Component 42', 'Component 18', 'Component 70', 'Component 62', 'Component 33', 'Component 26', 'Component 55', 'Component 12']",3-7 days
Provider 9,3,False,"['Component 79', 'Component 85', 'Component 67', 'Component 17', 'Component 43', 'Component 56', 'Component 71', 'Component 28', 'Component 49', 'Component 52', 'Component 74', 'Component 90', 'Component 14', 'Component 57', 'Component 83', 'Component 97', 'Component 61', 'Component 45', 'Component 60', 'Component 44', 'Component 73', 'Component 54', 'Component 33', 'Component 65', 'Component 18', 'Component 88', 'Component 55', 'Component 12', 'Component 22', 'Component 36', 'Component 34', 'Component 70', 'Component 59', 'Component 78', 'Component 96', 'Component 42', 'Component 69', 'Component 6', 'Component 84', 'Component 51', 'Component 94', 'Component 86', 'Component 76', 'Component 58', 'Component 3', 'Component 40', 'Component 37', 'Component 81', 'Component 62', 'Component 1']",3-7 days
Provider 10,3,True,"['Component 91', 'Component 51', 'Component 55', 'Component 64', 'Component 72', 'Component 16', 'Component 54', 'Component 21', 'Component 83', 'Component 96', 'Component 76', 'Component 25', 'Component 24', 'Component 13', 'Component 48', 'Component 7', 'Component 80', 'Component 28', 'Component 74', 'Component 70', 'Component 35', 'Component 11', 'Component 56', 'Component 38', 'Component 29', 'Component 14', 'Component 88', 'Component 69', 'Component 79', 'Component 66', 'Component 5', 'Component 89', 'Component 85', 'Component 99', 'Component 61', 'Component 78', 'Component 32', 'Component 71', 'Component 47', 'Component 6', 'Component 46', 'Component 3', 'Component 30', 'Component 84', 'Component 52', 'Component 34', 'Component 2', 'Component 27', 'Component 41', 'Component 86']",3-7 days
Provider 11,4,True,"['Component 67', 'Component 30', 'Component 43', 'Component 1', 'Component 37', 'Component 32', 'Component 25', 'Component 24', 'Component 84', 'Component 20', 'Component 9', 'Component 99', 'Component 76', 'Component 31', 'Component 5', 'Component 98', 'Component 48', 'Component 91', 'Component 12', 'Component 85', 'Component 17', 'Component 46', 'Component 86', 'Component 2', 'Component 47', 'Component 44', 'Component 90', 'Component 83', 'Component 70', 'Component 79', 'Component 42', 'Component 14', 'Component 96', 'Component 82', 'Component 26', 'Component 80', 'Component 41', 'Component 92', 'Component 27', 'Component 88', 'Component 52', 'Component 15', 'Component 38', 'Component 3', 'Component 60', 'Component 65', 'Component 45', 'Component 10', 'Component 74', 'Component 63']",7-14 days
Provider 12,5,False,"['Component 27', 'Component 11', 'Component 2', 'Component 6', 'Component 75', 'Component 19', 'Component 40', 'Component 32', 'Component 96', 'Component 53', 'Component 24', 'Component 41', 'Component 73', 'Component 39', 'Component 12', 'Component 37', 'Component 72', 'Component 47', 'Component 34', 'Component 92', 'Component 22', 'Component 77', 'Component 55', 'Component 86', 'Component 43', 'Component 16', 'Component 79', 'Component 81', 'Component 91', 'Component 23', 'Component 25', 'Component 70', 'Component 80', 'Component 59', 'Component 57', 'Component 3', 'Component 36', 'Component 78', 'Component 4', 'Component 35', 'Component 1', 'Component 45', 'Component 9', 'Component 87', 'Component 18', 'Component 68', 'Component 17', 'Component 100', 'Component 49', 'Component 29']",1-3 days
Provider 13,1,True,"['Component 37', 'Component 17', 'Component 55', 'Component 58', 'Component 2', 'Component 87', 'Component 64', 'Component 21', 'Component 49', 'Component 24', 'Component 18', 'Component 54', 'Component 14', 'Component 73', 'Component 43', 'Component 80', 'Component 38', 'Component 27', 'Component 75', 'Component 86', 'Component 70', 'Component 52', 'Component 91', 'Component 19', 'Component 32', 'Component 51', 'Component 8', 'Component 92', 'Component 93', 'Component 41', 'Component 84', 'Component 69', 'Component 90', 'Component 7', 'Component 98', 'Component 42', 'Component 68', 'Component 28', 'Component 100', 'Component 94', 'Component 66', 'Component 40', 'Component 89', 'Component 5', 'Component 10', 'Component 48', 'Component 63', 'Component 4', 'Component 9', 'Component 65']",1-3 days
Provider 14,1,True,"['Component 61', 'Component 72', 'Component 60', 'Component 56', 'Component 3', 'Component 18', 'Component 76', 'Component 79', 'Component 66', 'Component 87', 'Component 74', 'Component 25', 'Component 5', 'Component 98', 'Component 37', 'Component 45', 'Component 26', 'Component 58', 'Component 77', 'Component 6', 'Component 51', 'Component 1', 'Component 68', 'Component 41', 'Component 12', 'Component 81', 'Component 73', 'Component 28', 'Component 34', 'Component 69', 'Component 52', 'Component 54', 'Component 48', 'Component 17', 'Component 8', 'Component 64', 'Component 49', 'Component 43', 'Component 47', 'Component 44', 'Component 4', 'Component 97', 'Component 24', 'Component 2', 'Component 82', 'Component 86', 'Component 57', 'Component 42', 'Component 50', 'Component 14']",3-7 days
Provider 15,5,True,"['Component 96', 'Component 54', 'Component 94', 'Component 71', 'Component 89', 'Component 11', 'Component 35', 'Component 76', 'Component 21', 'Component 72', 'Component 22', 'Component 87', 'Component 88', 'Component 58', 'Component 7', 'Component 91', 'Component 46', 'Component 74', 'Component 5', 'Component 6', 'Component 42', 'Component 23', 'Component 64', 'Component 59', 'Component 83', 'Component 67', 'Component 15', 'Component 31', 'Component 41', 'Component 36', 'Component 66', 'Component 32', 'Component 85', 'Component 30', 'Component 1', 'Component 56', 'Component 14', 'Component 65', 'Component 29', 'Component 82', 'Component 8', 'Component 62', 'Component 80', 'Component 48', 'Component 86', 'Component 99', 'Component 28', 'Component 2', 'Component 17', 'Component 52']",1-3 days
Provider 16,3,True,"['Component 22', 'Component 69', 'Component 72', 'Component 84', 'Component 6', 'Component 33', 'Component 38', 'Component 67', 'Component 62', 'Component 73', 'Component 93', 'Component 9', 'Component 26', 'Component 94', 'Component 5', 'Component 7', 'Component 46', 'Component 10', 'Component 76', 'Component 2', 'Component 74', 'Component 64', 'Component 11', 'Component 58', 'Component 51', 'Component 29', 'Component 36', 'Component 3', 'Component 13', 'Component 99', 'Component 70', 'Component 30', 'Component 56', 'Component 86', 'Component 17', 'Component 31', 'Component 44', 'Component 20', 'Component 50', 'Component 14', 'Component 90', 'Component 45', 'Component 87', 'Component 78', 'Component 39', 'Component 98', 'Component 15', 'Component 35', 'Component 32', 'Component 97']",7-14 days
Provider 17,5,True,"['Component 60', 'Component 25', 'Component 91', 'Component 71', 'Component 99', 'Component 59', 'Component 63', 'Component 22', 'Component 76', 'Component 74', 'Component 95', 'Component 16', 'Component 24', 'Component 13', 'Component 20', 'Component 65', 'Component 75', 'Component 37', 'Component 78', 'Component 55', 'Component 12', 'Component 4', 'Component 26', 'Component 57', 'Component 98', 'Component 40', 'Component 17', 'Component 46', 'Component 38', 'Component 84', 'Component 45', 'Component 42', 'Component 58', 'Component 51', 'Component 69', 'Component 39', 'Component 67', 'Component 27', 'Component 35', 'Component 61', 'Component 92', 'Component 36', 'Component 11', 'Component 3', 'Component 82', 'Component 93', 'Component 30', 'Component 15', 'Component 79', 'Component 19']",3-7 days
Provider 18,2,False,"['Component 66', 'Component 23', 'Component 22', 'Component 59', 'Component 64', 'Component 60', 'Component 58', 'Component 95', 'Component 40', 'Component 79', 'Component 74', 'Component 75', 'Component 99', 'Component 92', 'Component 53', 'Component 84', 'Component 91', 'Component 46', 'Component 70', 'Component 4', 'Component 98', 'Component 86', 'Component 49', 'Component 13', 'Component 39', 'Component 26', 'Component 76', 'Component 18', 'Component 65', 'Component 43', 'Component 100', 'Component 36', 'Component 3', 'Component 52', 'Component 31', 'Component 71', 'Component 5', 'Component 61', 'Component 12', 'Component 29', 'Component 47', 'Component 87', 'Component 7', 'Component 20', 'Component 44', 'Component 73', 'Component 82', 'Component 35', 'Component 38', 'Component 90']",1-3 days
Provider 19,3,False,"['Component 4', 'Component 86', 'Component 75', 'Component 24', 'Component 49', 'Component 83', 'Component 65', 'Component 50', 'Component 1', 'Component 11', 'Component 18', 'Component 80', 'Component 94', 'Component 88', 'Component 43', 'Component 23', 'Component 62', 'Component 67', 'Component 90', 'Component 17', 'Component 53', 'Component 99', 'Component 3', 'Component 60', 'Component 40', 'Component 28', 'Component 29', 'Component 9', 'Component 22', 'Component 64', 'Component 77', 'Component 30', 'Component 13', 'Component 16', 'Component 97', 'Component 76', 'Component 59', 'Component 66', 'Component 85', 'Component 52', 'Component 82', 'Component 58', 'Component 32', 'Component 45', 'Component 35', 'Component 93', 'Component 51', 'Component 21', 'Component 84', 'Component 89']",3-7 days
Provider 20,4,True,"['Component 79', 'Component 23', 'Component 65', 'Component 5', 'Component 32', 'Component 63', 'Component 82', 'Component 93', 'Component 73', 'Component 19', 'Component 78', 'Component 50', 'Component 1', 'Component 77', 'Component 92', 'Component 42', 'Component 41', 'Component 10', 'Component 70', 'Component 55', 'Component 12', 'Component 64', 'Component 37', 'Component 62', 'Component 76', 'Component 17', 'Component 2', 'Component 34', 'Component 27', 'Component 30', 'Component 24', 'Component 75', 'Component 98', 'Component 53', 'Component 40', 'Component 29', 'Component 96', 'Component 35', 'Component 71', 'Component 8', 'Component 18', 'Component 57', 'Component 48', 'Component 52', 'Component 4', 'Component 45', 'Component 95', 'Component 88', 'Component 72', 'Component 74']",3-7 days
Provider 21,1,False,"['Component 31', 'Component 68', 'Component 99', 'Component 100', 'Component 84', 'Component 73', 'Component 14', 'Component 92', 'Component 69', 'Component 11', 'Component 15', 'Component 55', 'Component 56', 'Component 50', 'Component 81', 'Component 82', 'Component 71', 'Component 5', 'Component 29', 'Component 24', 'Component 8', 'Component 33', 'Component 2', 'Component 54', 'Component 65', 'Component 38', 'Component 85', 'Component 42', 'Component 26', 'Component 41', 'Component 7', 'Component 21', 'Component 17', 'Component 43', 'Component 44', 'Component 51', 'Component 86', 'Component 57', 'Component 96', 'Component 32', 'Component 75', 'Component 98', 'Component 40', 'Component 89', 'Component 28', 'Component 16', 'Component 95', 'Component 77', 'Component 70', 'Component 18']",7-14 days
Provider 22,1,True,"['Component 35', 'Component 93', 'Component 1', 'Component 50', 'Component 68', 'Component 23', 'Component 21', 'Component 28', 'Component 29', 'Component 55', 'Component 69', 'Component 3', 'Component 85', 'Component 51', 'Component 54', 'Component 97', 'Component 88', 'Component 100', 'Component 10', 'Component 98', 'Component 8', 'Component 41', 'Component 47', 'Component 67', 'Component 64', 'Component 32', 'Component 61', 'Component 92', 'Component 18', 'Component 71', 'Component 14', 'Component 11', 'Component 44', 'Component 84', 'Component 53', 'Component 58', 'Component 22', 'Component 82', 'Component 6', 'Component 66', 'Component 79', 'Component 74', 'Component 52', 'Component 27', 'Component 48', 'Component 36', 'Component 75', 'Component 83', 'Component 16', 'Component 12']",3-7 days
Provider 23,4,False,"['Component 58', 'Component 83', 'Component 41', 'Component 6', 'Component 86', 'Component 26', 'Component 53', 'Component 11', 'Component 4', 'Component 38', 'Component 100', 'Component 33', 'Component 51', 'Component 79', 'Component 28', 'Component 21', 'Component 74', 'Component 35', 'Component 44', 'Component 10', 'Component 71', 'Component 18', 'Component 78', 'Component 61', 'Component 13', 'Component 73', 'Component 49', 'Component 17', 'Component 29', 'Component 45', 'Component 31', 'Component 97', 'Component 3', 'Component 96', 'Component 39', 'Component 99', 'Component 57', 'Component 85', 'Component 16', 'Component 36', 'Component 24', 'Component 63', 'Component 75', 'Component 40', 'Component 89', 'Component 37', 'Component 56', 'Component 55', 'Component 32', 'Component 7']",3-7 days
Provider 24,2,True,"['Component 10', 'Component 99', 'Component 52', 'Component 11', 'Component 18', 'Component 33', 'Component 8', 'Component 31', 'Component 98', 'Component 41', 'Component 74', 'Component 82', 'Component 61', 'Component 71', 'Component 78', 'Component 34', 'Component 69', 'Component 20', 'Component 32', 'Component 44', 'Component 84', 'Component 24', 'Component 5', 'Component 94', 'Component 66', 'Component 51', 'Component 83', 'Component 12', 'Component 46', 'Component 67', 'Component 68', 'Component 79', 'Component 38', 'Component 23', 'Component 64', 'Component 22', 'Component 13', 'Component 58', 'Component 72', 'Component 81', 'Component 100', 'Component 43', 'Component 88', 'Component 26', 'Component 53', 'Component 19', 'Component 59', 'Component 17', 'Component 49', 'Component 93']",1-3 days
Provider 25,2,False,"['Component 57', 'Component 90', 'Component 92', 'Component 17', 'Component 67', 'Component 59', 'Component 1', 'Component 63', 'Component 68', 'Component 73', 'Component 91', 'Component 70', 'Component 42', 'Component 40', 'Component 78', 'Component 11', 'Component 39', 'Component 25', 'Component 35', 'Component 34', 'Component 85', 'Component 51', 'Component 5', 'Component 26', 'Component 60', 'Component 55', 'Component 18', 'Component 6', 'Component 76', 'Component 19', 'Component 61', 'Component 66', 'Component 47', 'Component 62', 'Component 82', 'Component 79', 'Component 83', 'Component 99', 'Component 77', 'Component 80', 'Component 3', 'Component 12', 'Component 86', 'Component 9', 'Component 45', 'Component 21', 'Component 93', 'Component 38', 'Component 14', 'Component 100']",3-7 days
Provider 26,4,False,"['Component 77', 'Component 20', 'Component 32', 'Component 7', 'Component 80', 'Component 51', 'Component 83', 'Component 38', 'Component 63', 'Component 15', 'Component 47', 'Component 29', 'Component 28', 'Component 18', 'Component 24', 'Component 25', 'Component 57', 'Component 66', 'Component 76', 'Component 94', 'Component 36', 'Component 54', 'Component 74', 'Component 27', 'Component 90', 'Component 44', 'Component 12', 'Component 70', 'Component 8', 'Component 22', 'Component 14', 'Component 69', 'Component 6', 'Component 9', 'Component 61', 'Component 92', 'Component 50', 'Component 64', 'Component 52', 'Component 98', 'Component 23', 'Component 91', 'Component 81', 'Component 85', 'Component 5', 'Component 17', 'Component 4', 'Component 75', 'Component 78', 'Component 3']",3-7 days
Provider 27,3,True,"['Component 44', 'Component 64', 'Component 74', 'Component 21', 'Component 80', 'Component 53', 'Component 52', 'Component 96', 'Component 62', 'Component 94', 'Component 33', 'Component 67', 'Component 75', 'Component 19', 'Component 51', 'Component 77', 'Component 59', 'Component 63', 'Component 87', 'Component 66', 'Component 5', 'Component 37', 'Component 12', 'Component 60', 'Component 43', 'Component 56', 'Component 55', 'Component 28', 'Component 17', 'Component 31', 'Component 11', 'Component 61', 'Component 22', 'Component 68', 'Component 15', 'Component 10', 'Component 88', 'Component 40', 'Component 42', 'Component 89', 'Component 16', 'Component 34', 'Component 25', 'Component 79', 'Component 45', 'Component 78', 'Component 83', 'Component 1', 'Component 72', 'Component 76']",3-7 days
Provider 28,4,True,"['Component 72', 'Component 19', 'Component 79', 'Component 54', 'Component 48', 'Component 97', 'Component 77', 'Component 4', 'Component 24', 'Component 81', 'Component 5', 'Component 46', 'Component 31', 'Component 45', 'Component 100', 'Component 43', 'Component 30', 'Component 80', 'Component 12', 'Component 34', 'Component 20', 'Component 83', 'Component 9', 'Component 21', 'Component 74', 'Component 55', 'Component 1', 'Component 53', 'Component 16', 'Component 6', 'Component 10', 'Component 91', 'Component 25', 'Component 7', 'Component 17', 'Component 35', 'Component 26', 'Component 11', 'Component 32', 'Component 23', 'Component 69', 'Component 29', 'Component 63', 'Component 58', 'Component 52', 'Component 59', 'Component 82', 'Component 41', 'Component 37', 'Component 99']",3-7 days
Provider 29,1,True,"['Component 81', 'Component 85', 'Component 98', 'Component 24', 'Component 71', 'Component 88', 'Component 72', 'Component 91', 'Component 51', 'Component 54', 'Component 44', 'Component 32', 'Component 64', 'Component 79', 'Component 19', 'Component 96', 'Component 10', 'Component 27', 'Component 95', 'Component 46', 'Component 89', 'Component 37', 'Component 4', 'Component 49', 'Component 22', 'Component 100', 'Component 50', 'Component 76', 'Component 60', 'Component 53', 'Component 12', 'Component 42', 'Component 78', 'Component 86', 'Component 61', 'Component 38', 'Component 6', 'Component 11', 'Component 75', 'Component 39', 'Component 15', 'Component 25', 'Component 56', 'Component 77', 'Component 33', 'Component 28', 'Component 70', 'Component 30', 'Component 94', 'Component 14']",3-7 days
Provider 30,3,False,"['Component 99', 'Component 66', 'Component 83', 'Component 36', 'Component 45', 'Component 57', 'Component 74', 'Component 30', 'Component 49', 'Component 96', 'Component 78', 'Component 13', 'Component 11', 'Component 32', 'Component 55', 'Component 77', 'Component 19', 'Component 72', 'Component 56', 'Component 4', 'Component 7', 'Component 33', 'Component 43', 'Component 8', 'Component 24', 'Component 48', 'Component 16', 'Component 3', 'Component 31', 'Component 29', 'Component 28', 'Component 39', 'Component 2', 'Component 50', 'Component 86', 'Component 17', 'Component 92', 'Component 47', 'Component 87', 'Component 18', 'Component 88', 'Component 84', 'Component 63', 'Component 75', 'Component 38', 'Component 44', 'Component 59', 'Component 95', 'Component 27', 'Component 23']",1-3 days
Provider 31,1,True,"['Component 99', 'Component 8', 'Component 39', 'Component 67', 'Component 81', 'Component 21', 'Component 82', 'Component 59', 'Component 69', 'Component 3', 'Component 85', 'Component 74', 'Component 77', 'Component 86', 'Component 84', 'Component 41', 'Component 17', 'Component 29', 'Component 94', 'Component 70', 'Component 26', 'Component 16', 'Component 83', 'Component 36', 'Component 100', 'Component 42', 'Component 23', 'Component 60', 'Component 4', 'Component 95', 'Component 76', 'Component 14', 'Component 19', 'Component 53', 'Component 89', 'Component 87', 'Component 38', 'Component 15', 'Component 66', 'Component 91', 'Component 62', 'Component 96', 'Component 28', 'Component 2', 'Component 25', 'Component 44', 'Component 1', 'Component 63', 'Component 61', 'Component 13']",7-14 days
Provider 32,4,True,"['Component 98', 'Component 34', 'Component 40', 'Component 51', 'Component 23', 'Component 63', 'Component 70', 'Component 49', 'Component 44', 'Component 61', 'Component 96', 'Component 18', 'Component 50', 'Component 25', 'Component 5', 'Component 93', 'Component 7', 'Component 46', 'Component 24', 'Component 43', 'Component 54', 'Component 22', 'Component 36', 'Component 76', 'Component 86', 'Component 35', 'Component 74', 'Component 11', 'Component 62', 'Component 31', 'Component 84', 'Component 15', 'Component 17', 'Component 92', 'Component 41', 'Component 91', 'Component 1', 'Component 33', 'Component 21', 'Component 89', 'Component 19', 'Component 2', 'Component 66', 'Component 3', 'Component 80', 'Component 53', 'Component 13', 'Component 32', 'Component 72', 'Component 28']",7-14 days
Provider 33,3,True,"['Component 2', 'Component 82', 'Component 97', 'Component 83', 'Component 42', 'Component 53', 'Component 8', 'Component 35', 'Component 13', 'Component 36', 'Component 95', 'Component 76', 'Component 41', 'Component 94', 'Component 80', 'Component 51', 'Component 55', 'Component 59', 'Component 40', 'Component 87', 'Component 70', 'Component 69', 'Component 78', 'Component 1', 'Component 50', 'Component 27', 'Component 91', 'Component 66', 'Component 100', 'Component 81', 'Component 16', 'Component 28', 'Component 23', 'Component 39', 'Component 72', 'Component 56', 'Component 45', 'Component 31', 'Component 96', 'Component 60', 'Component 61', 'Component 57', 'Component 22', 'Component 48', 'Component 63', 'Component 18', 'Component 3', 'Component 11', 'Component 75', 'Component 77']",7-14 days
Provider 34,2,False,"['Component 51', 'Component 99', 'Component 86', 'Component 47', 'Component 48', 'Component 34', 'Component 40', 'Component 6', 'Component 78', 'Component 70', 'Component 74', 'Component 9', 'Component 46', 'Component 35', 'Component 29', 'Component 92', 'Component 76', 'Component 12', 'Component 10', 'Component 5', 'Component 16', 'Component 71', 'Component 56', 'Component 58', 'Component 43', 'Component 65', 'Component 69', 'Component 60', 'Component 89', 'Component 73', 'Component 25', 'Component 72', 'Component 54', 'Component 19', 'Component 45', 'Component 88', 'Component 97', 'Component 21', 'Component 100', 'Component 1', 'Component 22', 'Component 23', 'Component 52', 'Component 53', 'Component 82', 'Component 26', 'Component 77', 'Component 66', 'Component 37', 'Component 59']",1-3 days
Provider 35,4,False,"['Component 4', 'Component 58', 'Component 19', 'Component 57', 'Component 24', 'Component 95', 'Component 14', 'Component 11', 'Component 33', 'Component 75', 'Component 52', 'Component 18', 'Component 34', 'Component 82', 'Component 50', 'Component 77', 'Component 39', 'Component 3', 'Component 80', 'Component 16', 'Component 12', 'Component 97', 'Component 60', 'Component 71', 'Component 2', 'Component 93', 'Component 28', 'Component 56', 'Component 44', 'Component 70', 'Component 90', 'Component 51', 'Component 65', 'Component 46', 'Component 62', 'Component 85', 'Component 20', 'Component 29', 'Component 26', 'Component 8', 'Component 69', 'Component 36', 'Component 6', 'Component 100', 'Component 96', 'Component 42', 'Component 91', 'Component 72', 'Component 53', 'Component 31']",3-7 days
Provider 36,1,True,"['Component 100', 'Component 65', 'Component 21', 'Component 88', 'Component 22', 'Component 42', 'Component 45', 'Component 1', 'Component 11', 'Component 69', 'Component 86', 'Component 51', 'Component 58', 'Component 75', 'Component 27', 'Component 80', 'Component 76', 'Component 82', 'Component 52', 'Component 15', 'Component 92', 'Component 49', 'Component 94', 'Component 28', 'Component 77', 'Component 40', 'Component 38', 'Component 5', 'Component 84', 'Component 24', 'Component 4', 'Component 6', 'Component 60', 'Component 93', 'Component 66', 'Component 79', 'Component 41', 'Component 33', 'Component 55', 'Component 9', 'Component 63', 'Component 90', 'Component 7', 'Component 73', 'Component 47', 'Component 36', 'Component 64', 'Component 95', 'Component 85', 'Component 68']",3-7 days
Provider 37,3,True,"['Component 6', 'Component 61', 'Component 65', 'Component 21', 'Component 92', 'Component 33', 'Component 74', 'Component 59', 'Component 9', 'Component 84', 'Component 29', 'Component 85', 'Component 56', 'Component 90', 'Component 75', 'Component 52', 'Component 36', 'Component 40', 'Component 8', 'Component 97', 'Component 51', 'Component 48', 'Component 32', 'Component 82', 'Component 98', 'Component 91', 'Component 67', 'Component 38', 'Component 4', 'Component 100', 'Component 39', 'Component 80', 'Component 69', 'Component 71', 'Component 42', 'Component 66', 'Component 41', 'Component 17', 'Component 93', 'Component 45', 'Component 34', 'Component 64', 'Component 73', 'Component 1', 'Component 72', 'Component 27', 'Component 78', 'Component 94', 'Component 58', 'Component 37']",3-7 days
Provider 38,5,False,"['Component 88', 'Component 81', 'Component 27', 'Component 86', 'Component 97', 'Component 37', 'Component 58', 'Component 48', 'Component 83', 'Component 26', 'Component 35', 'Component 50', 'Component 85', 'Component 89', 'Component 49', 'Component 36', 'Component 9', 'Component 1', 'Component 64', 'Component 42', 'Component 13', 'Component 56', 'Component 5', 'Component 22', 'Component 91', 'Component 66', 'Component 23', 'Component 92', 'Component 39', 'Component 76', 'Component 11', 'Component 43', 'Component 68', 'Component 29', 'Component 98', 'Component 75', 'Component 33', 'Component 25', 'Component 65', 'Component 79', 'Component 31', 'Component 45', 'Component 40', 'Component 32', 'Component 94', 'Component 74', 'Component 46', 'Component 38', 'Component 17', 'Component 51']",3-7 days
Provider 39,3,False,"['Component 8', 'Component 14', 'Component 2', 'Component 59', 'Component 61', 'Component 67', 'Component 77', 'Component 54', 'Component 25', 'Component 32', 'Component 98', 'Component 38', 'Component 58', 'Component 43', 'Component 41', 'Component 91', 'Component 48', 'Component 46', 'Component 70', 'Component 65', 'Component 35', 'Component 21', 'Component 86', 'Component 17', 'Component 56', 'Component 13', 'Component 74', 'Component 9', 'Component 57', 'Component 68', 'Component 47', 'Component 45', 'Component 50', 'Component 63', 'Component 23', 'Component 31', 'Component 6', 'Component 18', 'Component 20', 'Component 81', 'Component 11', 'Component 29', 'Component 72', 'Component 79', 'Component 78', 'Component 22', 'Component 52', 'Component 83', 'Component 33', 'Component 64']",3-7 days
Provider 40,3,False,"['Component 30', 'Component 83', 'Component 50', 'Component 90', 'Component 63', 'Component 28', 'Component 12', 'Component 19', 'Component 53', 'Component 41', 'Component 85', 'Component 73', 'Component 24', 'Component 91', 'Component 48', 'Component 66', 'Component 16', 'Component 55', 'Component 40', 'Component 81', 'Component 1', 'Component 10', 'Component 21', 'Component 97', 'Component 60', 'Component 62', 'Component 47', 'Component 67', 'Component 26', 'Component 38', 'Component 95', 'Component 69', 'Component 88', 'Component 9', 'Component 100', 'Component 78', 'Component 44', 'Component 27', 'Component 92', 'Component 59', 'Component 25', 'Component 11', 'Component 52', 'Component 98', 'Component 49', 'Component 36', 'Component 29', 'Component 56', 'Component 5', 'Component 80']",1-3 days
Provider 41,4,True,"['Component 91', 'Component 38', 'Component 43', 'Component 1', 'Component 94', 'Component 40', 'Component 98', 'Component 3', 'Component 74', 'Component 35', 'Component 86', 'Component 36', 'Component 99', 'Component 57', 'Component 97', 'Component 13', 'Component 52', 'Component 10', 'Component 46', 'Component 88', 'Component 90', 'Component 65', 'Component 34', 'Component 87', 'Component 19', 'Component 28', 'Component 79', 'Component 68', 'Component 12', 'Component 56', 'Component 80', 'Component 20', 'Component 51', 'Component 37', 'Component 47', 'Component 4', 'Component 60', 'Component 31', 'Component 66', 'Component 83', 'Component 18', 'Component 61', 'Component 62', 'Component 84', 'Component 27', 'Component 85', 'Component 30', 'Component 71', 'Component 24', 'Component 59']",1-3 days
Provider 42,1,True,"['Component 77', 'Component 64', 'Component 79', 'Component 12', 'Component 98', 'Component 96', 'Component 100', 'Component 36', 'Component 61', 'Component 53', 'Component 31', 'Component 82', 'Component 13', 'Component 14', 'Component 39', 'Component 76', 'Component 19', 'Component 44', 'Component 47', 'Component 57', 'Component 42', 'Component 24', 'Component 8', 'Component 90', 'Component 62', 'Component 84', 'Component 87', 'Component 68', 'Component 50', 'Component 60', 'Component 74', 'Component 23', 'Component 37', 'Component 97', 'Component 85', 'Component 43', 'Component 3', 'Component 20', 'Component 91', 'Component 41', 'Component 38', 'Component 70', 'Component 54', 'Component 80', 'Component 4', 'Component 66', 'Component 2', 'Component 95', 'Component 5', 'Component 29']",1-3 days
Provider 43,1,False,"['Component 13', 'Component 36', 'Component 83', 'Component 90', 'Component 23', 'Component 62', 'Component 15', 'Component 43', 'Component 49', 'Component 64', 'Component 78', 'Component 32', 'Component 70', 'Component 48', 'Component 81', 'Component 68', 'Component 66', 'Component 65', 'Component 82', 'Component 16', 'Component 47', 'Component 35', 'Component 94', 'Component 7', 'Component 20', 'Component 6', 'Component 100', 'Component 77', 'Component 1', 'Component 92', 'Component 45', 'Component 11', 'Component 14', 'Component 61', 'Component 34', 'Component 54', 'Component 25', 'Component 57', 'Component 96', 'Component 86', 'Component 24', 'Component 9', 'Component 87', 'Component 88', 'Component 21', 'Component 89', 'Component 31', 'Component 76', 'Component 84', 'Component 63']",1-3 days
Provider 44,4,False,"['Component 94', 'Component 68', 'Component 89', 'Component 31', 'Component 13', 'Component 12', 'Component 11', 'Component 64', 'Component 4', 'Component 6', 'Component 34', 'Component 26', 'Component 7', 'Component 70', 'Component 63', 'Component 43', 'Component 21', 'Component 1', 'Component 29', 'Component 38', 'Component 88', 'Component 47', 'Component 9', 'Component 44', 'Component 75', 'Component 33', 'Component 87', 'Component 41', 'Component 37', 'Component 35', 'Component 80', 'Component 49', 'Component 50', 'Component 17', 'Component 53', 'Component 18', 'Component 98', 'Component 92', 'Component 24', 'Component 55', 'Component 69', 'Component 58', 'Component 62', 'Component 52', 'Component 85', 'Component 99', 'Component 79', 'Component 81', 'Component 90', 'Component 51']",3-7 days
Provider 45,3,False,"['Component 29', 'Component 27', 'Component 6', 'Component 63', 'Component 70', 'Component 51', 'Component 49', 'Component 42', 'Component 32', 'Component 44', 'Component 1', 'Component 21', 'Component 84', 'Component 82', 'Component 20', 'Component 7', 'Component 11', 'Component 25', 'Component 61', 'Component 91', 'Component 64', 'Component 92', 'Component 89', 'Component 23', 'Component 12', 'Component 55', 'Component 9', 'Component 35', 'Component 79', 'Component 57', 'Component 66', 'Component 94', 'Component 95', 'Component 40', 'Component 28', 'Component 14', 'Component 17', 'Component 69', 'Component 41', 'Component 53', 'Component 4', 'Component 26', 'Component 78', 'Component 33', 'Component 37', 'Component 50', 'Component 45', 'Component 48', 'Component 47', 'Component 72']",3-7 days
Provider 46,2,True,"['Component 13', 'Component 43', 'Component 10', 'Component 74', 'Component 89', 'Component 3', 'Component 93', 'Component 73', 'Component 48', 'Component 67', 'Component 95', 'Component 5', 'Component 81', 'Component 60', 'Component 55', 'Component 30', 'Component 91', 'Component 35', 'Component 27', 'Component 86', 'Component 69', 'Component 44', 'Component 62', 'Component 1', 'Component 58', 'Component 61', 'Component 2', 'Component 71', 'Component 18', 'Component 99', 'Component 11', 'Component 53', 'Component 25', 'Component 98', 'Component 56', 'Component 94', 'Component 20', 'Component 80', 'Component 54', 'Component 87', 'Component 39', 'Component 84', 'Component 77', 'Component 47', 'Component 78', 'Component 49', 'Component 70', 'Component 90', 'Component 4', 'Component 88']",3-7 days
Provider 47,1,False,"['Component 46', 'Component 11', 'Component 47', 'Component 7', 'Component 92', 'Component 78', 'Component 39', 'Component 17', 'Component 52', 'Component 77', 'Component 2', 'Component 44', 'Component 85', 'Component 59', 'Component 26', 'Component 18', 'Component 71', 'Component 22', 'Component 12', 'Component 57', 'Component 67', 'Component 98', 'Component 8', 'Component 33', 'Component 70', 'Component 35', 'Component 9', 'Component 48', 'Component 28', 'Component 19', 'Component 10', 'Component 30', 'Component 87', 'Component 14', 'Component 3', 'Component 93', 'Component 80', 'Component 62', 'Component 83', 'Component 32', 'Component 6', 'Component 72', 'Component 16', 'Component 96', 'Component 91', 'Component 38', 'Component 86', 'Component 68', 'Component 5', 'Component 61']",7-14 days
Provider 48,5,True,"['Component 77', 'Component 42', 'Component 3', 'Component 46', 'Component 93', 'Component 57', 'Component 38', 'Component 24', 'Component 52', 'Component 92', 'Component 47', 'Component 66', 'Component 90', 'Component 72', 'Component 85', 'Component 29', 'Component 13', 'Component 6', 'Component 44', 'Component 31', 'Component 80', 'Component 97', 'Component 17', 'Component 4', 'Component 18', 'Component 50', 'Component 20', 'Component 2', 'Component 30', 'Component 43', 'Component 36', 'Component 14', 'Component 22', 'Component 19', 'Component 65', 'Component 71', 'Component 74', 'Component 25', 'Component 89', 'Component 41', 'Component 16', 'Component 76', 'Component 86', 'Component 81', 'Component 70', 'Component 68', 'Component 98', 'Component 84', 'Component 82', 'Component 26']",3-7 days
Provider 49,1,False,"['Component 32', 'Component 39', 'Component 47', 'Component 77', 'Component 82', 'Component 54', 'Component 43', 'Component 67', 'Component 51', 'Component 73', 'Component 46', 'Component 97', 'Component 17', 'Component 11', 'Component 36', 'Component 53', 'Component 28', 'Component 96', 'Component 48', 'Component 12', 'Component 100', 'Component 26', 'Component 55', 'Component 83', 'Component 25', 'Component 14', 'Component 69', 'Component 5', 'Component 7', 'Component 16', 'Component 34', 'Component 38', 'Component 22', 'Component 24', 'Component 64', 'Component 79', 'Component 70', 'Component 94', 'Component 92', 'Component 78', 'Component 91', 'Component 45', 'Component 72', 'Component 86', 'Component 27', 'Component 59', 'Component 57', 'Component 44', 'Component 76', 'Component 90']",3-7 days
Provider 50,5,False,"['Component 77', 'Component 18', 'Component 1', 'Component 63', 'Component 9', 'Component 99', 'Component 28', 'Component 27', 'Component 72', 'Component 82', 'Component 44', 'Component 35', 'Component 54', 'Component 100', 'Component 96', 'Component 91', 'Component 84', 'Component 86', 'Component 16', 'Component 83', 'Component 48', 'Component 93', 'Component 58', 'Component 14', 'Component 89', 'Component 55', 'Component 2', 'Component 15', 'Component 29', 'Component 88', 'Component 51', 'Component 70', 'Component 31', 'Component 94', 'Component 56', 'Component 69', 'Component 26', 'Component 37', 'Component 60', 'Component 24', 'Component 39', 'Component 78', 'Component 81', 'Component 21', 'Component 45', 'Component 38', 'Component 74', 'Component 12', 'Component 97', 'Component 42']",3-7 days
Provider 51,4,True,"['Component 17', 'Component 73', 'Component 9', 'Component 8', 'Component 62', 'Component 15', 'Component 98', 'Component 68', 'Component 50', 'Component 18', 'Component 25', 'Component 32', 'Component 95', 'Component 34', 'Component 58', 'Component 53', 'Component 19', 'Component 61', 'Component 46', 'Component 85', 'Component 54', 'Component 56', 'Component 33', 'Component 51', 'Component 97', 'Component 26', 'Component 91', 'Component 96', 'Component 41', 'Component 78', 'Component 13', 'Component 64', 'Component 84', 'Component 82', 'Component 24', 'Component 16', 'Component 45', 'Component 90', 'Component 57', 'Component 37', 'Component 36', 'Component 99', 'Component 12', 'Component 27', 'Component 70', 'Component 67', 'Component 3', 'Component 71', 'Component 80', 'Component 49']",1-3 days
Provider 52,3,True,"['Component 75', 'Component 71', 'Component 25', 'Component 73', 'Component 15', 'Component 31', 'Component 69', 'Component 14', 'Component 43', 'Component 41', 'Component 8', 'Component 11', 'Component 29', 'Component 54', 'Component 99', 'Component 4', 'Component 93', 'Component 24', 'Component 81', 'Component 28', 'Component 19', 'Component 83', 'Component 35', 'Component 49', 'Component 2', 'Component 50', 'Component 90', 'Component 13', 'Component 18', 'Component 9', 'Component 80', 'Component 40', 'Component 68', 'Component 57', 'Component 76', 'Component 42', 'Component 59', 'Component 22', 'Component 60', 'Component 23', 'Component 52', 'Component 97', 'Component 51', 'Component 36', 'Component 67', 'Component 82', 'Component 34', 'Component 33', 'Component 37', 'Component 77']",1-3 days
Provider 53,2,True,"['Component 46', 'Component 29', 'Component 14', 'Component 4', 'Component 65', 'Component 98', 'Component 93', 'Component 73', 'Component 97', 'Component 62', 'Component 53', 'Component 44', 'Component 70', 'Component 7', 'Component 79', 'Component 15', 'Component 74', 'Component 27', 'Component 89', 'Component 78', 'Component 41', 'Component 48', 'Component 12', 'Component 82', 'Component 50', 'Component 13', 'Component 47', 'Component 51', 'Component 1', 'Component 68', 'Component 86', 'Component 35', 'Component 58', 'Component 10', 'Component 81', 'Component 84', 'Component 5', 'Component 45', 'Component 43', 'Component 67', 'Component 77', 'Component 26', 'Component 61', 'Component 18', 'Component 31', 'Component 90', 'Component 25', 'Component 59', 'Component 37', 'Component 6']",3-7 days
Provider 54,2,False,"['Component 22', 'Component 32', 'Component 68', 'Component 21', 'Component 66', 'Component 80', 'Component 83', 'Component 39', 'Component 24', 'Component 70', 'Component 52', 'Component 20', 'Component 16', 'Component 77', 'Component 60', 'Component 88', 'Component 34', 'Component 10', 'Component 47', 'Component 19', 'Component 62', 'Component 15', 'Component 75', 'Component 40', 'Component 45', 'Component 59', 'Component 89', 'Component 97', 'Component 28', 'Component 78', 'Component 35', 'Component 44', 'Component 56', 'Component 63', 'Component 99', 'Component 46', 'Component 51', 'Component 30', 'Component 43', 'Component 76', 'Component 36', 'Component 27', 'Component 82', 'Component 86', 'Component 14', 'Component 64', 'Component 25', 'Component 50', 'Component 5', 'Component 72']",3-7 days
Provider 55,2,True,"['Component 51', 'Component 83', 'Component 8', 'Component 4', 'Component 55', 'Component 39', 'Component 25', 'Component 45', 'Component 99', 'Component 97', 'Component 100', 'Component 28', 'Component 80', 'Component 40', 'Component 27', 'Component 85', 'Component 46', 'Component 49', 'Component 67', 'Component 13', 'Component 87', 'Component 76', 'Component 31', 'Component 77', 'Component 24', 'Component 64', 'Component 16', 'Component 52', 'Component 75', 'Component 66', 'Component 47', 'Component 81', 'Component 54', 'Component 93', 'Component 14', 'Component 50', 'Component 73', 'Component 86', 'Component 34', 'Component 56', 'Component 35', 'Component 57', 'Component 91', 'Component 41', 'Component 74', 'Component 98', 'Component 15', 'Component 62', 'Component 10', 'Component 36']",1-3 days
Provider 56,2,False,"['Component 45', 'Component 21', 'Component 18', 'Component 49', 'Component 62', 'Component 59', 'Component 42', 'Component 17', 'Component 72', 'Component 53', 'Component 47', 'Component 95', 'Component 91', 'Component 34', 'Component 98', 'Component 93', 'Component 43', 'Component 14', 'Component 79', 'Component 80', 'Component 11', 'Component 55', 'Component 67', 'Component 46', 'Component 22', 'Component 8', 'Component 96', 'Component 77', 'Component 38', 'Component 28', 'Component 50', 'Component 69', 'Component 35', 'Component 10', 'Component 27', 'Component 68', 'Component 13', 'Component 51', 'Component 65', 'Component 44', 'Component 54', 'Component 12', 'Component 26', 'Component 100', 'Component 99', 'Component 83', 'Component 78', 'Component 25', 'Component 6', 'Component 58']",7-14 days
Provider 57,5,True,"['Component 43', 'Component 56', 'Component 66', 'Component 74', 'Component 60', 'Component 22', 'Component 31', 'Component 35', 'Component 28', 'Component 49', 'Component 96', 'Component 45', 'Component 3', 'Component 36', 'Component 14', 'Component 85', 'Component 46', 'Component 84', 'Component 2', 'Component 19', 'Component 72', 'Component 87', 'Component 77', 'Component 90', 'Component 73', 'Component 13', 'Component 42', 'Component 26', 'Component 91', 'Component 21', 'Component 78', 'Component 55', 'Component 9', 'Component 71', 'Component 44', 'Component 11', 'Component 7', 'Component 51', 'Component 30', 'Component 4', 'Component 61', 'Component 100', 'Component 8', 'Component 5', 'Component 75', 'Component 81', 'Component 48', 'Component 89', 'Component 92', 'Component 23']",3-7 days
Provider 58,2,False,"['Component 24', 'Component 5', 'Component 98', 'Component 92', 'Component 60', 'Component 83', 'Component 48', 'Component 75', 'Component 39', 'Component 11', 'Component 81', 'Component 72', 'Component 38', 'Component 40', 'Component 47', 'Component 8', 'Component 28', 'Component 58', 'Component 33', 'Component 50', 'Component 7', 'Component 14', 'Component 68', 'Component 12', 'Component 55', 'Component 80', 'Component 65', 'Component 73', 'Component 22', 'Component 20', 'Component 66', 'Component 90', 'Component 91', 'Component 13', 'Component 67', 'Component 63', 'Component 78', 'Component 51', 'Component 49', 'Component 56', 'Component 23', 'Component 84', 'Component 1', 'Component 36', 'Component 19', 'Component 97', 'Component 96', 'Component 17', 'Component 34', 'Component 82']",1-3 days
Provider 59,3,True,"['Component 1', 'Component 83', 'Component 77', 'Component 40', 'Component 61', 'Component 19', 'Component 55', 'Component 13', 'Component 18', 'Component 88', 'Component 56', 'Component 35', 'Component 60', 'Component 86', 'Component 72', 'Component 87', 'Component 43', 'Component 75', 'Component 53', 'Component 54', 'Component 3', 'Component 66', 'Component 10', 'Component 73', 'Component 26', 'Component 74', 'Component 22', 'Component 15', 'Component 64', 'Component 34', 'Component 21', 'Component 81', 'Component 49', 'Component 20', 'Component 33', 'Component 38', 'Component 25', 'Component 68', 'Component 70', 'Component 27', 'Component 48', 'Component 23', 'Component 9', 'Component 91', 'Component 98', 'Component 79', 'Component 29', 'Component 62', 'Component 46', 'Component 84']",3-7 days
Provider 60,2,False,"['Component 86', 'Component 18', 'Component 4', 'Component 57', 'Component 29', 'Component 46', 'Component 65', 'Component 34', 'Component 35', 'Component 41', 'Component 7', 'Component 96', 'Component 8', 'Component 97', 'Component 32', 'Component 10', 'Component 73', 'Component 58', 'Component 99', 'Component 85', 'Component 82', 'Component 26', 'Component 62', 'Component 75', 'Component 21', 'Component 83', 'Component 87', 'Component 94', 'Component 91', 'Component 67', 'Component 76', 'Component 11', 'Component 77', 'Component 37', 'Component 19', 'Component 54', 'Component 15', 'Component 47', 'Component 50', 'Component 38', 'Component 12', 'Component 80', 'Component 44', 'Component 43', 'Component 16', 'Component 39', 'Component 56', 'Component 31', 'Component 79', 'Component 93']",7-14 days
Provider 61,3,False,"['Component 6', 'Component 60', 'Component 89', 'Component 47', 'Component 78', 'Component 38', 'Component 59', 'Component 100', 'Component 45', 'Component 29', 'Component 9', 'Component 14', 'Component 74', 'Component 54', 'Component 33', 'Component 19', 'Component 41', 'Component 39', 'Component 71', 'Component 70', 'Component 64', 'Component 65', 'Component 51', 'Component 90', 'Component 86', 'Component 17', 'Component 97', 'Component 56', 'Component 88', 'Component 22', 'Component 40', 'Component 21', 'Component 57', 'Component 75', 'Component 95', 'Component 63', 'Component 49', 'Component 53', 'Component 62', 'Component 44', 'Component 67', 'Component 73', 'Component 30', 'Component 16', 'Component 18', 'Component 11', 'Component 7', 'Component 99', 'Component 91', 'Component 68']",3-7 days
Provider 62,4,True,"['Component 34', 'Component 32', 'Component 68', 'Component 3', 'Component 6', 'Component 38', 'Component 54', 'Component 55', 'Component 60', 'Component 28', 'Component 9', 'Component 12', 'Component 87', 'Component 45', 'Component 44', 'Component 85', 'Component 95', 'Component 39', 'Component 73', 'Component 98', 'Component 71', 'Component 22', 'Component 53', 'Component 41', 'Component 24', 'Component 88', 'Component 80', 'Component 100', 'Component 78', 'Component 42', 'Component 94', 'Component 90', 'Component 8', 'Component 1', 'Component 84', 'Component 48', 'Component 66', 'Component 29', 'Component 74', 'Component 92', 'Component 4', 'Component 17', 'Component 69', 'Component 61', 'Component 62', 'Component 64', 'Component 82', 'Component 86', 'Component 77', 'Component 70']",1-3 days
Provider 63,5,True,"['Component 89', 'Component 20', 'Component 93', 'Component 64', 'Component 51', 'Component 30', 'Component 40', 'Component 67', 'Component 23', 'Component 17', 'Component 10', 'Component 27', 'Component 16', 'Component 42', 'Component 85', 'Component 22', 'Component 46', 'Component 66', 'Component 86', 'Component 88', 'Component 90', 'Component 28', 'Component 49', 'Component 44', 'Component 5', 'Component 2', 'Component 79', 'Component 8', 'Component 31', 'Component 56', 'Component 72', 'Component 45', 'Component 34', 'Component 58', 'Component 38', 'Component 80', 'Component 92', 'Component 4', 'Component 11', 'Component 73', 'Component 94', 'Component 1', 'Component 97', 'Component 39', 'Component 77', 'Component 9', 'Component 98', 'Component 100', 'Component 59', 'Component 35']",1-3 days
Provider 64,3,False,"['Component 5', 'Component 33', 'Component 81', 'Component 23', 'Component 82', 'Component 9', 'Component 13', 'Component 67', 'Component 28', 'Component 65', 'Component 42', 'Component 80', 'Component 10', 'Component 100', 'Component 89', 'Component 75', 'Component 50', 'Component 88', 'Component 73', 'Component 60', 'Component 95', 'Component 96', 'Component 87', 'Component 46', 'Component 14', 'Component 1', 'Component 12', 'Component 97', 'Component 51', 'Component 29', 'Component 17', 'Component 39', 'Component 83', 'Component 16', 'Component 90', 'Component 3', 'Component 18', 'Component 22', 'Component 15', 'Component 69', 'Component 66', 'Component 62', 'Component 59', 'Component 32', 'Component 7', 'Component 55', 'Component 52', 'Component 4', 'Component 44', 'Component 36']",3-7 days
Provider 65,3,True,"['Component 84', 'Component 49', 'Component 20', 'Component 66', 'Component 15', 'Component 46', 'Component 38', 'Component 36', 'Component 82', 'Component 53', 'Component 100', 'Component 23', 'Component 67', 'Component 98', 'Component 50', 'Component 28', 'Component 65', 'Component 56', 'Component 78', 'Component 57', 'Component 91', 'Component 37', 'Component 34', 'Component 2', 'Component 88', 'Component 26', 'Component 79', 'Component 12', 'Component 4', 'Component 33', 'Component 71', 'Component 81', 'Component 94', 'Component 47', 'Component 42', 'Component 52', 'Component 77', 'Component 92', 'Component 6', 'Component 19', 'Component 21', 'Component 51', 'Component 95', 'Component 45', 'Component 64', 'Component 69', 'Component 70', 'Component 43', 'Component 14', 'Component 7']",7-14 days
Provider 66,5,False,"['Component 4', 'Component 18', 'Component 33', 'Component 37', 'Component 71', 'Component 99', 'Component 23', 'Component 26', 'Component 20', 'Component 79', 'Component 22', 'Component 86', 'Component 82', 'Component 44', 'Component 39', 'Component 36', 'Component 50', 'Component 56', 'Component 77', 'Component 72', 'Component 83', 'Component 45', 'Component 97', 'Component 81', 'Component 14', 'Component 88', 'Component 89', 'Component 27', 'Component 98', 'Component 49', 'Component 9', 'Component 3', 'Component 93', 'Component 34', 'Component 76', 'Component 61', 'Component 90', 'Component 91', 'Component 70', 'Component 32', 'Component 63', 'Component 59', 'Component 62', 'Component 1', 'Component 47', 'Component 35', 'Component 57', 'Component 6', 'Component 7', 'Component 96']",7-14 days
Provider 67,5,True,"['Component 29', 'Component 92', 'Component 98', 'Component 25', 'Component 48', 'Component 18', 'Component 73', 'Component 89', 'Component 35', 'Component 34', 'Component 54', 'Component 57', 'Component 82', 'Component 95', 'Component 33', 'Component 52', 'Component 17', 'Component 51', 'Component 74', 'Component 80', 'Component 38', 'Component 65', 'Component 10', 'Component 91', 'Component 88', 'Component 96', 'Component 78', 'Component 86', 'Component 85', 'Component 70', 'Component 32', 'Component 46', 'Component 66', 'Component 93', 'Component 58', 'Component 3', 'Component 4', 'Component 20', 'Component 24', 'Component 28', 'Component 26', 'Component 76', 'Component 13', 'Component 12', 'Component 69', 'Component 72', 'Component 62', 'Component 7', 'Component 8', 'Component 36']",1-3 days
Provider 68,4,False,"['Component 19', 'Component 5', 'Component 7', 'Component 95', 'Component 73', 'Component 39', 'Component 17', 'Component 81', 'Component 94', 'Component 91', 'Component 24', 'Component 32', 'Component 25', 'Component 28', 'Component 51', 'Component 23', 'Component 10', 'Component 20', 'Component 72', 'Component 12', 'Component 84', 'Component 79', 'Component 69', 'Component 60', 'Component 14', 'Component 85', 'Component 21', 'Component 15', 'Component 29', 'Component 83', 'Component 66', 'Component 89', 'Component 34', 'Component 16', 'Component 33', 'Component 27', 'Component 46', 'Component 30', 'Component 9', 'Component 74', 'Component 76', 'Component 62', 'Component 98', 'Component 48', 'Component 77', 'Component 86', 'Component 4', 'Component 53', 'Component 3', 'Component 70']",1-3 days
Provider 69,5,False,"['Component 13', 'Component 96', 'Component 43', 'Component 14', 'Component 31', 'Component 58', 'Component 5', 'Component 75', 'Component 53', 'Component 74', 'Component 73', 'Component 46', 'Component 93', 'Component 98', 'Component 11', 'Component 50', 'Component 82', 'Component 21', 'Component 72', 'Component 6', 'Component 12', 'Component 51', 'Component 4', 'Component 8', 'Component 54', 'Component 27', 'Component 76', 'Component 22', 'Component 34', 'Component 79', 'Component 41', 'Component 26', 'Component 70', 'Component 71', 'Component 95', 'Component 100', 'Component 88', 'Component 92', 'Component 57', 'Component 16', 'Component 1', 'Component 63', 'Component 94', 'Component 30', 'Component 89', 'Component 65', 'Component 99', 'Component 60', 'Component 39', 'Component 69']",7-14 days
Provider 70,1,True,"['Component 95', 'Component 88', 'Component 85', 'Component 32', 'Component 69', 'Component 89', 'Component 26', 'Component 39', 'Component 57', 'Component 91', 'Component 86', 'Component 48', 'Component 1', 'Component 22', 'Component 34', 'Component 94', 'Component 93', 'Component 99', 'Component 25', 'Component 11', 'Component 98', 'Component 72', 'Component 9', 'Component 60', 'Component 81', 'Component 79', 'Component 6', 'Component 51', 'Component 41', 'Component 63', 'Component 31', 'Component 71', 'Component 27', 'Component 82', 'Component 53', 'Component 78', 'Component 4', 'Component 77', 'Component 44', 'Component 75', 'Component 67', 'Component 54', 'Component 45', 'Component 58', 'Component 42', 'Component 20', 'Component 17', 'Component 19', 'Component 10', 'Component 43']",7-14 days
Provider 71,5,True,"['Component 61', 'Component 16', 'Component 35', 'Component 2', 'Component 9', 'Component 33', 'Component 6', 'Component 98', 'Component 30', 'Component 80', 'Component 75', 'Component 36', 'Component 45', 'Component 66', 'Component 13', 'Component 32', 'Component 27', 'Component 43', 'Component 48', 'Component 10', 'Component 4', 'Component 83', 'Component 12', 'Component 28', 'Component 51', 'Component 20', 'Component 18', 'Component 69', 'Component 58', 'Component 42', 'Component 29', 'Component 64', 'Component 26', 'Component 77', 'Component 47', 'Component 8', 'Component 54', 'Component 46', 'Component 57', 'Component 52', 'Component 40', 'Component 67', 'Component 55', 'Component 72', 'Component 5', 'Component 37', 'Component 78', 'Component 87', 'Component 38', 'Component 81']",7-14 days
Provider 72,5,False,"['Component 6', 'Component 70', 'Component 28', 'Component 41', 'Component 23', 'Component 49', 'Component 7', 'Component 11', 'Component 94', 'Component 47', 'Component 82', 'Component 34', 'Component 9', 'Component 75', 'Component 74', 'Component 20', 'Component 31', 'Component 56', 'Component 65', 'Component 17', 'Component 8', 'Component 68', 'Component 67', 'Component 16', 'Component 40', 'Component 26', 'Component 22', 'Component 90', 'Component 50', 'Component 59', 'Component 27', 'Component 99', 'Component 91', 'Component 66', 'Component 18', 'Component 80', 'Component 100', 'Component 32', 'Component 98', 'Component 69', 'Component 83', 'Component 39', 'Component 76', 'Component 58', 'Component 64', 'Component 4', 'Component 24', 'Component 1', 'Component 55', 'Component 10']",1-3 days
Provider 73,4,False,"['Component 28', 'Component 61', 'Component 98', 'Component 96', 'Component 25', 'Component 53', 'Component 80', 'Component 71', 'Component 6', 'Component 31', 'Component 14', 'Component 5', 'Component 8', 'Component 87', 'Component 97', 'Component 18', 'Component 15', 'Component 84', 'Component 34', 'Component 82', 'Component 51', 'Component 60', 'Component 24', 'Component 92', 'Component 37', 'Component 22', 'Component 43', 'Component 45', 'Component 19', 'Component 42', 'Component 38', 'Component 29', 'Component 76', 'Component 36', 'Component 95', 'Component 94', 'Component 9', 'Component 33', 'Component 77', 'Component 70', 'Component 73', 'Component 68', 'Component 39', 'Component 66', 'Component 75', 'Component 72', 'Component 1', 'Component 65', 'Component 16', 'Component 79']",7-14 days
Provider 74,5,True,"['Component 20', 'Component 26', 'Component 17', 'Component 34', 'Component 35', 'Component 7', 'Component 89', 'Component 42', 'Component 84', 'Component 24', 'Component 74', 'Component 36', 'Component 9', 'Component 83', 'Component 95', 'Component 68', 'Component 61', 'Component 69', 'Component 67', 'Component 33', 'Component 91', 'Component 80', 'Component 77', 'Component 32', 'Component 3', 'Component 18', 'Component 78', 'Component 40', 'Component 2', 'Component 37', 'Component 6', 'Component 39', 'Component 28', 'Component 58', 'Component 19', 'Component 56', 'Component 97', 'Component 15', 'Component 79', 'Component 96', 'Component 99', 'Component 76', 'Component 49', 'Component 100', 'Component 55', 'Component 16', 'Component 30', 'Component 60', 'Component 38', 'Component 51']",3-7 days
Provider 75,2,True,"['Component 78', 'Component 6', 'Component 13', 'Component 18', 'Component 2', 'Component 50', 'Component 82', 'Component 9', 'Component 75', 'Component 14', 'Component 89', 'Component 37', 'Component 15', 'Component 20', 'Component 12', 'Component 92', 'Component 84', 'Component 100', 'Component 53', 'Component 90', 'Component 29', 'Component 76', 'Component 32', 'Component 57', 'Component 11', 'Component 44', 'Component 91', 'Component 65', 'Component 60', 'Component 52', 'Component 47', 'Component 95', 'Component 87', 'Component 55', 'Component 83', 'Component 35', 'Component 45', 'Component 96', 'Component 33', 'Component 73', 'Component 81', 'Component 28', 'Component 58', 'Component 51', 'Component 34', 'Component 99', 'Component 31', 'Component 30', 'Component 72', 'Component 26']",3-7 days
Provider 76,3,True,"['Component 64', 'Component 9', 'Component 59', 'Component 10', 'Component 26', 'Component 68', 'Component 12', 'Component 28', 'Component 2', 'Component 24', 'Component 72', 'Component 78', 'Component 57', 'Component 44', 'Component 89', 'Component 76', 'Component 92', 'Component 73', 'Component 71', 'Component 65', 'Component 19', 'Component 43', 'Component 82', 'Component 4', 'Component 21', 'Component 84', 'Component 8', 'Component 56', 'Component 88', 'Component 35', 'Component 11', 'Component 29', 'Component 61', 'Component 62', 'Component 95', 'Component 60', 'Component 37', 'Component 52', 'Component 53', 'Component 31', 'Component 63', 'Component 13', 'Component 15', 'Component 5', 'Component 38', 'Component 1', 'Component 33', 'Component 7', 'Component 87', 'Component 34']",1-3 days
Provider 77,3,False,"['Component 11', 'Component 76', 'Component 8', 'Component 41', 'Component 99', 'Component 42', 'Component 68', 'Component 39', 'Component 97', 'Component 54', 'Component 10', 'Component 33', 'Component 28', 'Component 79', 'Component 90', 'Component 58', 'Component 69', 'Component 40', 'Component 98', 'Component 43', 'Component 17', 'Component 96', 'Component 4', 'Component 35', 'Component 70', 'Component 64', 'Component 7', 'Component 91', 'Component 23', 'Component 51', 'Component 32', 'Component 81', 'Component 19', 'Component 20', 'Component 77', 'Component 3', 'Component 48', 'Component 60', 'Component 31', 'Component 56', 'Component 38', 'Component 36', 'Component 15', 'Component 65', 'Component 52', 'Component 21', 'Component 74', 'Component 62', 'Component 34', 'Component 13']",7-14 days
Provider 78,1,True,"['Component 55', 'Component 71', 'Component 6', 'Component 39', 'Component 96', 'Component 69', 'Component 36', 'Component 76', 'Component 100', 'Component 53', 'Component 14', 'Component 16', 'Component 82', 'Component 93', 'Component 13', 'Component 20', 'Component 51', 'Component 48', 'Component 4', 'Component 42', 'Component 7', 'Component 28', 'Component 97', 'Component 83', 'Component 3', 'Component 11', 'Component 66', 'Component 73', 'Component 24', 'Component 75', 'Component 89', 'Component 26', 'Component 17', 'Component 52', 'Component 98', 'Component 32', 'Component 12', 'Component 15', 'Component 60', 'Component 80', 'Component 34', 'Component 95', 'Component 79', 'Component 70', 'Component 57', 'Component 64', 'Component 1', 'Component 40', 'Component 44', 'Component 37']",1-3 days
Provider 79,4,True,"['Component 23', 'Component 70', 'Component 86', 'Component 21', 'Component 13', 'Component 8', 'Component 85', 'Component 4', 'Component 69', 'Component 95', 'Component 19', 'Component 96', 'Component 30', 'Component 38', 'Component 78', 'Component 43', 'Component 16', 'Component 50', 'Component 59', 'Component 61', 'Component 66', 'Component 99', 'Component 11', 'Component 42', 'Component 67', 'Component 41', 'Component 28', 'Component 36', 'Component 31', 'Component 97', 'Component 45', 'Component 24', 'Component 98', 'Component 88', 'Component 3', 'Component 79', 'Component 5', 'Component 93', 'Component 51', 'Component 81', 'Component 32', 'Component 40', 'Component 91', 'Component 20', 'Component 62', 'Component 80', 'Component 65', 'Component 49', 'Component 10', 'Component 76']",7-14 days
Provider 80,5,True,"['Component 99', 'Component 23', 'Component 18', 'Component 85', 'Component 8', 'Component 28', 'Component 88', 'Component 31', 'Component 94', 'Component 57', 'Component 26', 'Component 64', 'Component 45', 'Component 100', 'Component 91', 'Component 67', 'Component 55', 'Component 73', 'Component 79', 'Component 83', 'Component 89', 'Component 71', 'Component 90', 'Component 75', 'Component 17', 'Component 51', 'Component 5', 'Component 33', 'Component 95', 'Component 48', 'Component 38', 'Component 41', 'Component 49', 'Component 9', 'Component 6', 'Component 84', 'Component 74', 'Component 97', 'Component 65', 'Component 30', 'Component 42', 'Component 2', 'Component 13', 'Component 37', 'Component 20', 'Component 44', 'Component 14', 'Component 93', 'Component 80', 'Component 92']",3-7 days
Provider 81,2,True,"['Component 18', 'Component 93', 'Component 16', 'Component 90', 'Component 72', 'Component 7', 'Component 32', 'Component 76', 'Component 65', 'Component 59', 'Component 39', 'Component 41', 'Component 68', 'Component 91', 'Component 25', 'Component 99', 'Component 55', 'Component 78', 'Component 89', 'Component 70', 'Component 44', 'Component 31', 'Component 5', 'Component 63', 'Component 69', 'Component 64', 'Component 10', 'Component 51', 'Component 30', 'Component 75', 'Component 71', 'Component 94', 'Component 67', 'Component 22', 'Component 96', 'Component 46', 'Component 66', 'Component 79', 'Component 83', 'Component 92', 'Component 97', 'Component 84', 'Component 21', 'Component 38', 'Component 57', 'Component 73', 'Component 12', 'Component 13', 'Component 20', 'Component 100']",3-7 days
Provider 82,4,True,"['Component 40', 'Component 10', 'Component 23', 'Component 22', 'Component 15', 'Component 47', 'Component 56', 'Component 70', 'Component 69', 'Component 73', 'Component 1', 'Component 16', 'Component 85', 'Component 42', 'Component 11', 'Component 43', 'Component 41', 'Component 17', 'Component 37', 'Component 84', 'Component 76', 'Component 38', 'Component 33', 'Component 34', 'Component 4', 'Component 3', 'Component 62', 'Component 61', 'Component 93', 'Component 100', 'Component 66', 'Component 45', 'Component 50', 'Component 81', 'Component 96', 'Component 57', 'Component 65', 'Component 79', 'Component 78', 'Component 13', 'Component 90', 'Component 24', 'Component 80', 'Component 59', 'Component 12', 'Component 68', 'Component 53', 'Component 31', 'Component 63', 'Component 98']",7-14 days
Provider 83,1,False,"['Component 49', 'Component 95', 'Component 54', 'Component 65', 'Component 99', 'Component 86', 'Component 43', 'Component 30', 'Component 2', 'Component 80', 'Component 38', 'Component 41', 'Component 17', 'Component 33', 'Component 82', 'Component 90', 'Component 56', 'Component 89', 'Component 83', 'Component 76', 'Component 92', 'Component 44', 'Component 45', 'Component 3', 'Component 16', 'Component 64', 'Component 7', 'Component 62', 'Component 93', 'Component 6', 'Component 57', 'Component 42', 'Component 100', 'Component 69', 'Component 53', 'Component 72', 'Component 48', 'Component 39', 'Component 74', 'Component 52', 'Component 36', 'Component 75', 'Component 11', 'Component 61', 'Component 25', 'Component 15', 'Component 81', 'Component 19', 'Component 18', 'Component 91']",3-7 days
Provider 84,4,False,"['Component 54', 'Component 26', 'Component 74', 'Component 91', 'Component 34', 'Component 32', 'Component 90', 'Component 16', 'Component 4', 'Component 35', 'Component 3', 'Component 44', 'Component 52', 'Component 57', 'Component 84', 'Component 58', 'Component 50', 'Component 29', 'Component 31', 'Component 27', 'Component 18', 'Component 80', 'Component 21', 'Component 2', 'Component 65', 'Component 72', 'Component 100', 'Component 67', 'Component 5', 'Component 17', 'Component 28', 'Component 68', 'Component 60', 'Component 15', 'Component 11', 'Component 98', 'Component 63', 'Component 24', 'Component 66', 'Component 94', 'Component 97', 'Component 13', 'Component 78', 'Component 88', 'Component 36', 'Component 93', 'Component 82', 'Component 33', 'Component 23', 'Component 53']",1-3 days
Provider 85,5,False,"['Component 27', 'Component 38', 'Component 16', 'Component 69', 'Component 17', 'Component 58', 'Component 86', 'Component 97', 'Component 62', 'Component 93', 'Component 50', 'Component 41', 'Component 39', 'Component 68', 'Component 95', 'Component 98', 'Component 9', 'Component 2', 'Component 37', 'Component 60', 'Component 83', 'Component 70', 'Component 22', 'Component 20', 'Component 72', 'Component 42', 'Component 64', 'Component 92', 'Component 87', 'Component 89', 'Component 57', 'Component 25', 'Component 24', 'Component 78', 'Component 54', 'Component 51', 'Component 56', 'Component 23', 'Component 18', 'Component 34', 'Component 11', 'Component 82', 'Component 76', 'Component 71', 'Component 19', 'Component 59', 'Component 48', 'Component 100', 'Component 73', 'Component 79']",3-7 days
Provider 86,1,True,"['Component 44', 'Component 55', 'Component 64', 'Component 47', 'Component 26', 'Component 24', 'Component 40', 'Component 83', 'Component 36', 'Component 17', 'Component 60', 'Component 58', 'Component 15', 'Component 65', 'Component 67', 'Component 61', 'Component 43', 'Component 69', 'Component 7', 'Component 8', 'Component 57', 'Component 88', 'Component 98', 'Component 39', 'Component 59', 'Component 91', 'Component 71', 'Component 3', 'Component 18', 'Component 96', 'Component 19', 'Component 46', 'Component 70', 'Component 53', 'Component 33', 'Component 42', 'Component 27', 'Component 84', 'Component 45', 'Component 92', 'Component 35', 'Component 79', 'Component 73', 'Component 28', 'Component 38', 'Component 86', 'Component 93', 'Component 99', 'Component 31', 'Component 49']",7-14 days
Provider 87,3,True,"['Component 44', 'Component 48', 'Component 90', 'Component 40', 'Component 77', 'Component 32', 'Component 78', 'Component 97', 'Component 53', 'Component 51', 'Component 18', 'Component 54', 'Component 56', 'Component 23', 'Component 8', 'Component 17', 'Component 59', 'Component 7', 'Component 47', 'Component 52', 'Component 73', 'Component 100', 'Component 88', 'Component 42', 'Component 74', 'Component 71', 'Component 63', 'Component 65', 'Component 72', 'Component 15', 'Component 92', 'Component 4', 'Component 66', 'Component 2', 'Component 80', 'Component 11', 'Component 29', 'Component 91', 'Component 57', 'Component 55', 'Component 93', 'Component 10', 'Component 14', 'Component 13', 'Component 3', 'Component 24', 'Component 34', 'Component 36', 'Component 50', 'Component 28']",3-7 days
Provider 88,2,True,"['Component 38', 'Component 72', 'Component 10', 'Component 87', 'Component 82', 'Component 40', 'Component 47', 'Component 7', 'Component 56', 'Component 11', 'Component 3', 'Component 17', 'Component 29', 'Component 91', 'Component 66', 'Component 39', 'Component 6', 'Component 49', 'Component 99', 'Component 93', 'Component 74', 'Component 18', 'Component 54', 'Component 21', 'Component 67', 'Component 62', 'Component 65', 'Component 98', 'Component 5', 'Component 85', 'Component 20', 'Component 51', 'Component 46', 'Component 14', 'Component 71', 'Component 42', 'Component 97', 'Component 90', 'Component 1', 'Component 26', 'Component 75', 'Component 89', 'Component 2', 'Component 69', 'Component 50', 'Component 30', 'Component 95', 'Component 92', 'Component 76', 'Component 13']",7-14 days
Provider 89,5,False,"['Component 74', 'Component 34', 'Component 27', 'Component 28', 'Component 67', 'Component 10', 'Component 69', 'Component 33', 'Component 39', 'Component 14', 'Component 31', 'Component 53', 'Component 19', 'Component 22', 'Component 49', 'Component 81', 'Component 88', 'Component 30', 'Component 3', 'Component 16', 'Component 97', 'Component 38', 'Component 100', 'Component 2', 'Component 64', 'Component 15', 'Component 12', 'Component 77', 'Component 83', 'Component 42', 'Component 93', 'Component 70', 'Component 29', 'Component 90', 'Component 23', 'Component 54', 'Component 78', 'Component 61', 'Component 48', 'Component 26', 'Component 89', 'Component 92', 'Component 85', 'Component 86', 'Component 84', 'Component 40', 'Component 17', 'Component 96', 'Component 36', 'Component 41']",1-3 days
Provider 90,1,True,"['Component 17', 'Component 47', 'Component 69', 'Component 97', 'Component 16', 'Component 44', 'Component 64', 'Component 79', 'Component 84', 'Component 12', 'Component 14', 'Component 35', 'Component 72', 'Component 21', 'Component 55', 'Component 99', 'Component 93', 'Component 57', 'Component 58', 'Component 91', 'Component 81', 'Component 62', 'Component 78', 'Component 29', 'Component 75', 'Component 38', 'Component 98', 'Component 87', 'Component 40', 'Component 80', 'Component 54', 'Component 85', 'Component 92', 'Component 5', 'Component 19', 'Component 8', 'Component 39', 'Component 10', 'Component 20', 'Component 49', 'Component 30', 'Component 63', 'Component 76', 'Component 94', 'Component 37', 'Component 71', 'Component 67', 'Component 31', 'Component 65', 'Component 41']",7-14 days
Provider 91,1,True,"['Component 100', 'Component 79', 'Component 26', 'Component 88', 'Component 91', 'Component 55', 'Component 44', 'Component 96', 'Component 41', 'Component 23', 'Component 75', 'Component 77', 'Component 80', 'Component 31', 'Component 60', 'Component 48', 'Component 10', 'Component 53', 'Component 27', 'Component 61', 'Component 47', 'Component 42', 'Component 52', 'Component 69', 'Component 13', 'Component 33', 'Component 37', 'Component 3', 'Component 22', 'Component 95', 'Component 34', 'Component 46', 'Component 74', 'Component 12', 'Component 82', 'Component 14', 'Component 98', 'Component 73', 'Component 72', 'Component 43', 'Component 97', 'Component 20', 'Component 7', 'Component 65', 'Component 11', 'Component 99', 'Component 38', 'Component 81', 'Component 21', 'Component 28']",1-3 days
Provider 92,2,True,"['Component 64', 'Component 87', 'Component 19', 'Component 44', 'Component 13', 'Component 34', 'Component 38', 'Component 65', 'Component 21', 'Component 98', 'Component 36', 'Component 22', 'Component 91', 'Component 29', 'Component 31', 'Component 74', 'Component 61', 'Component 15', 'Component 95', 'Component 32', 'Component 25', 'Component 33', 'Component 17', 'Component 75', 'Component 55', 'Component 23', 'Component 84', 'Component 27', 'Component 72', 'Component 79', 'Component 54', 'Component 51', 'Component 66', 'Component 92', 'Component 97', 'Component 93', 'Component 7', 'Component 11', 'Component 82', 'Component 50', 'Component 69', 'Component 88', 'Component 99', 'Component 77', 'Component 2', 'Component 24', 'Component 62', 'Component 39', 'Component 71', 'Component 40']",7-14 days
Provider 93,1,False,"['Component 24', 'Component 57', 'Component 4', 'Component 70', 'Component 55', 'Component 95', 'Component 18', 'Component 11', 'Component 53', 'Component 93', 'Component 50', 'Component 76', 'Component 100', 'Component 35', 'Component 44', 'Component 20', 'Component 47', 'Component 2', 'Component 12', 'Component 8', 'Component 46', 'Component 19', 'Component 75', 'Component 82', 'Component 52', 'Component 59', 'Component 40', 'Component 80', 'Component 88', 'Component 96', 'Component 38', 'Component 94', 'Component 6', 'Component 69', 'Component 97', 'Component 56', 'Component 28', 'Component 1', 'Component 65', 'Component 34', 'Component 99', 'Component 45', 'Component 86', 'Component 26', 'Component 68', 'Component 36', 'Component 49', 'Component 92', 'Component 60', 'Component 79']",7-14 days
Provider 94,4,True,"['Component 39', 'Component 43', 'Component 31', 'Component 1', 'Component 47', 'Component 70', 'Component 29', 'Component 89', 'Component 16', 'Component 55', 'Component 77', 'Component 19', 'Component 7', 'Component 4', 'Component 97', 'Component 91', 'Component 67', 'Component 9', 'Component 93', 'Component 79', 'Component 6', 'Component 5', 'Component 68', 'Component 82', 'Component 59', 'Component 34', 'Component 62', 'Component 64', 'Component 36', 'Component 24', 'Component 3', 'Component 90', 'Component 44', 'Component 10', 'Component 35', 'Component 60', 'Component 92', 'Component 37', 'Component 48', 'Component 49', 'Component 41', 'Component 73', 'Component 95', 'Component 27', 'Component 40', 'Component 80', 'Component 94', 'Component 88', 'Component 52', 'Component 28']",1-3 days
Provider 95,2,False,"['Component 67', 'Component 61', 'Component 94', 'Component 87', 'Component 70', 'Component 18', 'Component 72', 'Component 42', 'Component 36', 'Component 98', 'Component 41', 'Component 82', 'Component 80', 'Component 32', 'Component 76', 'Component 13', 'Component 38', 'Component 96', 'Component 31', 'Component 92', 'Component 52', 'Component 86', 'Component 22', 'Component 40', 'Component 77', 'Component 56', 'Component 26', 'Component 3', 'Component 59', 'Component 66', 'Component 83', 'Component 75', 'Component 14', 'Component 4', 'Component 65', 'Component 74', 'Component 63', 'Component 2', 'Component 47', 'Component 39', 'Component 16', 'Component 44', 'Component 84', 'Component 51', 'Component 57', 'Component 10', 'Component 78', 'Component 68', 'Component 50', 'Component 6']",7-14 days
Provider 96,3,True,"['Component 22', 'Component 45', 'Component 77', 'Component 63', 'Component 44', 'Component 23', 'Component 39', 'Component 61', 'Component 99', 'Component 81', 'Component 70', 'Component 9', 'Component 28', 'Component 84', 'Component 67', 'Component 40', 'Component 21', 'Component 26', 'Component 27', 'Component 10', 'Component 96', 'Component 79', 'Component 42', 'Component 48', 'Component 95', 'Component 90', 'Component 52', 'Component 74', 'Component 54', 'Component 51', 'Component 47', 'Component 8', 'Component 17', 'Component 1', 'Component 62', 'Component 6', 'Component 33', 'Component 15', 'Component 56', 'Component 25', 'Component 93', 'Component 85', 'Component 94', 'Component 13', 'Component 12', 'Component 14', 'Component 98', 'Component 89', 'Component 49', 'Component 78']",1-3 days
Provider 97,5,True,"['Component 13', 'Component 29', 'Component 83', 'Component 71', 'Component 98', 'Component 42', 'Component 89', 'Component 33', 'Component 78', 'Component 21', 'Component 87', 'Component 62', 'Component 4', 'Component 70', 'Component 16', 'Component 2', 'Component 97', 'Component 44', 'Component 51', 'Component 3', 'Component 61', 'Component 1', 'Component 94', 'Component 15', 'Component 77', 'Component 53', 'Component 84', 'Component 81', 'Component 59', 'Component 39', 'Component 32', 'Component 35', 'Component 73', 'Component 27', 'Component 24', 'Component 96', 'Component 20', 'Component 69', 'Component 23', 'Component 72', 'Component 99', 'Component 49', 'Component 67', 'Component 36', 'Component 92', 'Component 30', 'Component 38', 'Component 54', 'Component 60', 'Component 11']",1-3 days
Provider 98,1,True,"['Component 78', 'Component 21', 'Component 67', 'Component 39', 'Component 100', 'Component 79', 'Component 14', 'Component 59', 'Component 68', 'Component 43', 'Component 60', 'Component 70', 'Component 15', 'Component 47', 'Component 37', 'Component 71', 'Component 36', 'Component 34', 'Component 52', 'Component 89', 'Component 74', 'Component 6', 'Component 13', 'Component 10', 'Component 28', 'Component 72', 'Component 66', 'Component 81', 'Component 50', 'Component 64', 'Component 84', 'Component 19', 'Component 94', 'Component 49', 'Component 86', 'Component 56', 'Component 83', 'Component 26', 'Component 44', 'Component 35', 'Component 3', 'Component 2', 'Component 33', 'Component 57', 'Component 45', 'Component 91', 'Component 95', 'Component 96', 'Component 31', 'Component 55']",3-7 days
Provider 99,1,False,"['Component 71', 'Component 42', 'Component 23', 'Component 31', 'Component 86', 'Component 93', 'Component 91', 'Component 63', 'Component 89', 'Component 90', 'Component 40', 'Component 52', 'Component 62', 'Component 25', 'Component 53', 'Component 49', 'Component 15', 'Component 33', 'Component 55', 'Component 38', 'Component 37', 'Component 67', 'Component 36', 'Component 94', 'Component 68', 'Component 13', 'Component 95', 'Component 41', 'Component 5', 'Component 92', 'Component 9', 'Component 26', 'Component 100', 'Component 57', 'Component 39', 'Component 61', 'Component 30', 'Component 82', 'Component 79', 'Component 12', 'Component 74', 'Component 58', 'Component 97', 'Component 2', 'Component 78', 'Component 72', 'Component 69', 'Component 98', 'Component 21', 'Component 60']",1-3 days
Provider 100,4,True,"['Component 23', 'Component 86', 'Component 28', 'Component 48', 'Component 34', 'Component 63', 'Component 10', 'Component 83', 'Component 52', 'Component 76', 'Component 27', 'Component 85', 'Component 90', 'Component 40', 'Component 81', 'Component 68', 'Component 37', 'Component 64', 'Component 58', 'Component 3', 'Component 75', 'Component 13', 'Component 65', 'Component 77', 'Component 59', 'Component 98', 'Component 14', 'Component 39', 'Component 82', 'Component 20', 'Component 41', 'Component 99', 'Component 96', 'Component 45', 'Component 67', 'Component 26', 'Component 42', 'Component 44', 'Component 73', 'Component 56', 'Component 97', 'Component 92', 'Component 62', 'Component 94', 'Component 5', 'Component 95', 'Component 4', 'Component 29', 'Component 11', 'Component 50']",3-7 days
